{
    "rmse": 0.5305003962216006,
    "mae": 0.41951686494744445,
    "r2": 0.6448260514497421
}